{
  "Login": [
    {
      "id": "1",
      "username": "admin",
      "password": "admin"
    }
  ],
  "Medicine": [
    {
      "id": "0024",
      "name": "kupin"
    },
    {
      "id": "d556",
      "name": "parasitamol"
    },
    {
      "id": "bbd4",
      "name": "sitramon"
    }
  ],
  "Client": [
    {
      "id": "e482",
      "name": "aziza"
    },
    {
      "id": "5ffc",
      "name": "abdugani"
    },
    {
      "id": "fcfd",
      "name": "muhammadqodir"
    }
  ],
  "PaymentType": [
    {
      "id": "022a",
      "name": "karta"
    },
    {
      "id": "9f0b",
      "name": "naqt"
    },
    {
      "id": "9ea6",
      "name": "apteka"
    }
  ],
  "Import": [
    {
      "id": "233e",
      "name": "abdugani",
      "quantity": 22,
      "cost": 1100,
      "sell": 1500,
      "sum": 33000,
      "date": "2021-06-09"
    },
    {
      "id": "10",
      "name": "Losartan",
      "quantity": 17,
      "cost": 1700,
      "sell": 2200,
      "sum": 37400,
      "date": "2021-06-10"
    },
    {
      "id": "2a7b",
      "name": "dawd",
      "quantity": 567,
      "cost": 5675,
      "sell": 564,
      "sum": 0,
      "date": "2025-02-23"
    },
    {
      "id": "f1b0",
      "name": "dawd",
      "quantity": 567576,
      "cost": 765767,
      "sell": 5675,
      "sum": 0,
      "date": "2025-02-23"
    },
    {
      "id": "b1f5",
      "name": "dawd",
      "quantity": 12,
      "cost": 235,
      "sell": 234,
      "sum": 18000,
      "date": "2025-02-23"
    },
    {
      "id": "a0b3",
      "name": "dawd",
      "quantity": 45,
      "cost": 400,
      "sell": 500,
      "sum": 18000,
      "date": "2025-02-23"
    },
    {
      "id": "79cb",
      "name": "abdugani",
      "quantity": 20,
      "cost": 200,
      "sell": 4999,
      "sum": 0,
      "date": "2025-02-23"
    },
    {
      "id": "3413",
      "name": "abdugani",
      "quantity": 3333,
      "cost": 400,
      "sell": 200000,
      "sum": 0,
      "date": "2025-02-23"
    },
    {
      "id": "cceb",
      "name": "abdugani",
      "quantity": 20,
      "cost": 2000,
      "sell": 2222,
      "sum": 0,
      "date": "2025-02-25"
    },
    {
      "id": "eb15",
      "name": "abdugani",
      "quantity": 4243,
      "cost": 23432,
      "sell": 4234,
      "sum": 99421976,
      "date": "2025-02-23"
    },
    {
      "id": "898c",
      "name": "aziza",
      "quantity": 232,
      "cost": 232,
      "sell": 233,
      "sum": 53824,
      "date": "2025-02-23"
    },
    {
      "id": "6200",
      "name": "aziza",
      "quantity": 434,
      "cost": 345,
      "sell": 345,
      "sum": 149730,
      "date": "2025-02-23"
    }
  ],
  "ImportHolder": [],
  "Export": [
    {
      "id": "b382",
      "name": "parasitamol",
      "sold": 2000,
      "cost": 22,
      "client": "abdugani",
      "paymentType": "karta",
      "date": "2025-02-30"
    },
    {
      "id": "2",
      "name": "Ibuprofen",
      "cost": 1500,
      "sold": 15,
      "client": "malik",
      "paymentType": "Naqd",
      "date": "2021-02-06"
    },
    {
      "id": "3",
      "name": "Amoxicillin",
      "cost": 2000,
      "sold": 20,
      "client": "sara",
      "paymentType": "Karta",
      "date": "2021-03-06"
    },
    {
      "id": "4",
      "name": "Cetirizine",
      "cost": 1200,
      "sold": 8,
      "client": "dilshod",
      "paymentType": "Naqd",
      "date": "2021-04-06"
    },
    {
      "id": "5",
      "name": "Metformin",
      "cost": 1800,
      "sold": 25,
      "client": "kamola",
      "paymentType": "Karta",
      "date": "2021-05-06"
    },
    {
      "id": "6",
      "name": "Amlodipine",
      "cost": 1600,
      "sold": 18,
      "client": "jasur",
      "paymentType": "Naqd",
      "date": "2021-06-06"
    },
    {
      "id": "7",
      "name": "Atorvastatin",
      "cost": 2100,
      "sold": 14,
      "client": "nodira",
      "paymentType": "Karta",
      "date": "2021-07-06"
    },
    {
      "id": "8",
      "name": "Lisinopril",
      "cost": 1900,
      "sold": 22,
      "client": "furqat",
      "paymentType": "Naqd",
      "date": "2021-08-06"
    },
    {
      "id": "9",
      "name": "Omeprazole",
      "cost": 1100,
      "sold": 16,
      "client": "zuhra",
      "paymentType": "Karta",
      "date": "2021-09-06"
    },
    {
      "id": "10",
      "name": "Losartan",
      "cost": 1700,
      "sold": 17,
      "client": "shohruh",
      "paymentType": "Naqd",
      "date": "2021-10-06"
    },
    {
      "id": "dd47",
      "name": "dawd",
      "sold": 123,
      "cost": 123,
      "client": "akmal",
      "paymentType": "karta",
      "date": "2025-02-23"
    },
    {
      "id": "06cb",
      "name": "dawd",
      "sold": 11,
      "cost": 11,
      "client": "aziz",
      "paymentType": "karta",
      "date": "2025-02-23"
    },
    {
      "id": "e893",
      "name": "parasitamol",
      "sold": 12,
      "cost": 12,
      "client": "abdugani",
      "paymentType": "naqt",
      "date": "2025-02-23"
    },
    {
      "id": "7555",
      "name": "sitramon",
      "sold": 12,
      "cost": 12,
      "client": "muhammadqodir",
      "paymentType": "apteka",
      "date": "2025-02-23"
    },
    {
      "id": "9fb5",
      "name": "kupin",
      "sold": 122,
      "cost": 444,
      "client": "muhammadqodir",
      "paymentType": "naqt",
      "date": "2025-02-23"
    }
  ],
  "ExportHolder": []
}